Name,"Years active","Proven victims","Possible victims"
"Little, Samuel",1970–2005,61,93+
"Ridgway, Gary",1982–1998,49,90+
"Gosnell, Kermit Barron",1998–2009,48,200+
Harpe Brothers,1797–1804,39,50+
"Harvey, Donald",1970–1987,37,80
"Gacy, John Wayne",1972–1978,33,33+
"Espinosa, Felipe",1863,32,32
"Bundy, Ted",1971–1978,28,30+
"Corll, Dean",1970–1973,28,28+
"Corona, Juan",1971,25,25+
"Gunness, Belle",1900–1908,25,40
"Dominique, Ronald",1997–2006,23,23+
"Bartlett, Polly",1868,22,22
"Nelson, Earle",1926–1927,22,22+
"Stano, Gerald",1969–1980,22,41+
"Watts, Carl Eugene",1974–1982,22,100
"Bonin, William",1979–1980,21,36+
"Eyler, Larry",1982–1984,21,24
"Kearney, Patrick",1965–1977,21,43
"Mason, Samuel",1797–1803,20,20+
"Cottingham, Richard",1967–1980,18,85–100
"Gecht, Robin",1981–1982,18,18
"Hale, William",1921–1925,18,24+
"Knowles, Paul John",1974,18,35
"Kokoraleis, Andrew",1981–1982,18,18
"Kokoraleis, Thomas",1981–1982,18,18
"Spreitzer, Edward",1981–1982,18,18
"Woodfield, Randall",1979–1981,18,44
"Dahmer, Jeffrey",1978–1991,17,17
"Hansen, Robert",1971–1983,17,21+
"Cole, Carroll",1947–1980,16,35
"Kraft, Randy",1971–1983,16,67
"LaRette, Anthony",1976–1980,16,31
"Cooks, Jessie Lee",1973–1974,15,73+
"Green, Larry",1973–1974,15,73+
"Moore, Manuel",1973–1974,15,73+
"Ramirez, Richard",1984–1985,15,15
"Simon, J.C.X.",1973–1974,15,73+
"Turner, Chester",1987–1998,15,16
"DeAngelo, Joseph James",1979–1986,13,13+
"Hassell, George",1917–1926,13,13
"Jones, Syd",1900s–1914,13,13
Queho,1909?–1919,13,23
"Sinclair, Charles T.",1980–1990,13,13+
"Yates, Robert Lee",1975–1998,13,18+
"Bianchi, Kenneth",1977–1978,12,12
Briley Brothers,1979,12,21
"Chavez, Juan Rodriguez",1985–1995,12,12
"Christopher, Joseph",1980–1981,12,12+
"Gilyard, Lorenzo",1977–1993,12,13
"Martinez, Jose Manuel",1978–2013,12,36
"Pough, James Edward",1971–1990,12,12
"Shawcross, Arthur",1972–1989,12,14
"Sherman, Lydia",1863–1877,12,12
"Suff, William",1974–1992,12,22
"Tholmer, Brandon",1981–1983,12,34
"Toppan, Jane",1895–1901,12,31+
"Atkins, Benjamin",1991–1992,11,11
"Baumeister, Herb",1980–1996,11,20
Bender Family,1869–1872,11,11+
"Crawford, Andre",1993–1999,11,11
"Franklin, Joseph Paul",1977–1980,11,22
"Greenwood, Vaughn",1964–1975,11,11
"Gretzler, Douglas",1973,11,17
"Helm, Boone",1850–1864,11,11+
Kelly Family,1887,11,12
"Lake, Leonard",1983–1985,11,25
"Mullin, Herbert",1972–1973,11,13
"Ng, Charles",1983–1985,11,25
"Sowell, Anthony",2007–2009,11,11
"Wallace, Henry Louis",1990–1994,11,11
"Archer-Gilligan, Amy",1910–1917,10,50
"Cullen, Charles",1988–2003,10,40+
"Franklin Jr., Lonnie David",1985–2007,10,25+
"Gallego, Gerald",1978–1980,10,10
"Jackson, Vickie Dawn",2000–2001,10,10+
"Johnson, Milton",1983–1984,10,10+
"Kemper, Edmund",1964–1973,10,10
"Lewingdon, Gary",1977–1978,10,10
"Long, Bobby Joe",1984,10,10+
"Player, Michael",1986,10,10
"Rader, Dennis",1974–1991,10,10
"Reséndiz, Ángel Maturino",1986–1999,10,16
"Siebert, Daniel Lee",1979–1986,10,13
"Anderson, Stephen Wayne",1973–1980,9,9+
"Buono Jr., Angelo",1977–1978,9,10
"Cline, Alfred Leonard",1930–1945,9,11
"Cook, Anthony",1973–1981,9,9+
"Cook, Nathaniel",1973–1981,9,9+
"Gaskins, Donald Henry",1953–1982,9,100+
"Gaynor, Alfred",1995–1998,9,9
"Gomez, Lloyd",1950–1951,9,9
"Goudeau, Mark",2005–2006,9,9
"Hill, Ivan",1979–1994,9,9+
"Holmes, H. H.",1891–1894,9,27+
"Jackson, Calvin",1973–1974,9,9
"Krajcir, Timothy",1977–1982,9,9
"Lewingdon, Thaddeus",1977–1978,9,9
"McDuff, Kenneth",1966–1992,9,14+
"Pardo, Manuel",1986,9,9
"Pierce, William",1970–1971,9,9+
"Prieto, Alfredo",1988–1990,9,9
"Puente, Dorothea",1982–1988,9,15
"Richards, Stephen D.",1876–1878,9,9+
"Rifkin, Joel",1989–1993,9,17+
"Silveria Jr., Robert Joseph",1981–1996,9,14+
"Stafford, Roger Dale",1974–1978,9,34
"Vermilya, Louise",1893–1911,9,9
"Alcala, Rodney",1971–1979,8,50–130+
"Bright, Larry",2003–2004,8,8+
"Brown, Debra Denise",1984,8,8
"Catoe, Jarvis",1935–1941,8,11
"Code, Nathaniel",1984–1987,8,12
"Coleman, Alton",1984,8,8
"Dieteman, Samuel",2005–2006,8,8
"Doss, Nannie",1927–1954,8,11
"Ellis, Walter E.",1986–2007,8,10+
"Ferguson, John Errol",1974–1978,8,12
"Francois, Kendall",1996–1998,8,10+
"Gillis, Sean Vincent",1994–2004,8,8
"Gray, Ricky Javon",2005–2006,8,8
"Hausner, Dale",2006,8,8
"Jackson, Charles",1975–1982,8,8+
"Jesperson, Keith Hunter",1990–1995,8,8+
"Kibbe, Roger",1977–1987,8,8+
"Mors, Frederick",1914–1915,8,8
"Mosley, Eddie",1973–1987,8,16+
"Noe, Marie",1949–1968,8,8
"Robinson, John Edward",1984–1999,8,8+
"Robinson, Sarah Jane",1881–1886,8,11
"Rolling, Danny",1989–1990,8,8
"Ross, Michael Bruce",1981–1984,8,8+
"Urdiales, Andrew",1986–1996,8,8
"Wilder, Christopher",1984,8,15
"Adams, Edward James",1920–1921,7,7
"Blair, Terry",1982–2004,7,9
"Britt, Eugene",1995,7,10
"Brooks, Shelly",2001–2006,7,20+
"Bundy, Carol",1980,7,7
"Carpenter, David",1979–1981,7,10+
"Clark, Doug",1980,7,7
"Colvin, Dellmus",1987–2005,7,7+
"Danielson, Robert Wayne",1970–1982,7,7
"Danks, Joseph Martin",1986–1990,7,7
"Durousseau, Paul",1997–2003,7,7+
"Escobar, Ramon",2018–2023,7,8
"Feltner, Jeffrey",1988–1989,7,7
"Graham, Harrison",1986–1987,7,7
"Granviel, Kenneth",1974–1975,7,9
"Greenawalt, Randy",1974–1978,7,9
"Groves, Vincent",1978–1988,7,20+
"Hittle, Daniel",1973–1989,7,7
"Howell, William Devin",2003,7,7
"Hughes, Michael",1986–1993,7,7+
"Kohlhepp, Todd",2003–2016,7,10+
"Lee, Derrick Todd",1992–2003,7,7+
"Lindsey, William Darrell",1988–1996,7,25
"Malvo, Lee Boyd",2002,7,17
"Mays, Reta",2017–2018,7,8+
"Muhammad, John Allen",2002,7,17
"Reid, Paul Dennis",1997,7,7
"Rogers, Dayton Leroy",1983–1987,7,8+
"Runge, Paul",1995–1997,7,8+
"Snyder, Leroy",1969,7,7
"Surratt, Edward Arthur",1977–1978,7,18+
"Taborsky, Joseph ""Mad Dog""",1950–1957,7,7
"Thomas Jr., John Floyd",1972–1986,7,15+
"Vann, Darren Deon",2013–2014,7,7+
"Wright, Douglas Franklin",1969–1991,7,7+
"Wuornos, Aileen",1989–1990,7,7
"Berdella, Robert",1984–1987,6,6
"Berkowitz, David",1976–1977,6,6
"Biegenwald, Richard",1958–1983,6,11
"Bowles, Gary Ray",1994,6,6+
"Brown, Kenyel",2019–2020,6,6
"Bullock, David",1981–1982,6,6+
"Butler, Eugene",1900–1906,6,6
"Chase, Richard",1977–1978,6,6
"Chavez, Juan",1986–1990,6,6+
"Conde, Rory Enrique",1994–1995,6,6
"Cota, Fernando",1984,6,6
"Cowan, Mary",1884–1894,6,6
"Ervin, Joe Michael",1969–1981,6,6
"Falling, Christine",1980–1982,6,6
"Fayne, Lorenzo",1989–1993,6,6
"Fisher, Constance",1954–1966,6,6
"Gore, David Alan",1981–1983,6,6
"Harris, Robert Wayne",1999–2000,6,6
"Henley, Elmer Wayne",1970–1973,6,8+
"Huntsman, Megan",1996–2006,6,6
"Irvin, Leslie",1954–1955,6,6+
"Jackson, Ray",1989–1990,6,6
"Jennings, Wilbur Lee",1981–1984,6,6+
"Joyner, Anthony",1983,6,18
"Kaprat, Edwin",1991–1993,6,6
"Majors, Orville Lynn",1993–1995,6,130
"Martin, Rhonda Belle",1926–1951,6,6
"Miller, Joseph Robert",1976–1993,6,6+
"Nance, Wayne",1974–1986,6,6+
"Naso, Joseph",1977–1994,6,10
"Ocampo, Itzcoatl",2011–2012,6,6
"Parker, Gerald",1978–1979,6,6
"Prince Jr., Cleophus",1990,6,6
"Rasmussen, Terry Peder",1978–2002,6,6+
"Saldivar, Efren",1988–1998,6,50+
"Sells, Tommy Lynn",1980–1999,6,22+
"Smith, Gayno",1961–1962,6,6
"Solomon Jr., Morris",1986–1987,6,7
"Southard, Lyda",1915–1920,6,6
"Steeves, Richard",1965–1985,6,6
"Sully, Anthony",1983,6,6
"Terry, Michael",1985–1986,6,6
"Toole, Ottis",1976–1983,6,6+
"Ture Jr., Joseph",1978–1980,6,7+
"Van Dyke, David",1979–1980,6,6
"Walker, Anthony Guy",1975–1986,6,6+
"White, Nathaniel",1991–1992,6,6
"Wood, David Leonard",1987,6,9
"Armstrong, John Eric",1992–1999,5,18
"Avalos, Johnny",2012–2015,5,5
"Bishop, Arthur Gary",1979–1983,5,5
"Bittaker, Lawrence",1979,5,5
"Bloomfield, Clifton",2005–2008,5,5
"Brown, Raymond Eugene",1960–1987,5,5
"Bunday, Thomas",1979–1981,5,6
"Burkett, Nathaniel",1978–2002,5,5+
"Chester, Elroy",1997–1998,5,5
"Childs, Terry",1979–1985,5,12
"Cooper, Samuel",2006–2007,5,5
"Copeland, Faye",1986–1989,5,12
"Copeland, Ray",1986–1989,5,12
"Cox, Scott William",1980s–1990,5,20+
"Creech, Thomas Eugene",1974–1981,5,42
"Cunanan, Andrew",1997,5,5
"Dennis, Jerome",1991–1992,5,5
"Dillon, Thomas",1989–1992,5,5+
"Duncan, Joseph Edward",1996–2005,5,7
"Edwards, Edward",1977–1996,5,15
"Engleman, Glennon",1958–1980,5,7+
"Evans, Gary",1985–1997,5,5
"Fautenberry, John",1990–1991,5,6
"Fountain, Clayton Anthony",1974–1983,5,5
"Geralds, Hubert",1994–1995,5,5
"Gibbs, Janie Lou",1966–1967,5,5
"Giles, Bernard",1973,5,5
"Graham, Gwendolyn",1987,5,6
"Grate, Shawn",2006–2016,5,5
"Hahn, Anna Marie",1933–1937,5,5
"Hampton, T. J.",1887–1893,5,5
"Hankins, Terry",2000–2001,5,5
"Harrison, Lester",1951–1973,5,7
"Hernandez, Alexander",2014,5,5
"Hill, Walter",1952–1977,5,5
"Honken, Dustin Lee",1993,5,5
"Hopewell, Raymont",1999–2005,5,5
"Hoyt, Waneta",1965–1971,5,5
"Jablonski, Phillip Carl",1978–1991,5,5
"Jackson, William Perry",1980,5,5
"Jennings, Desmond Domnique",1993,5,20
"Johnson, Vincent",1999–2000,5,5
"Jones, Andre Vernell",1978–1979,5,8
"Kadamovas, Jurijus",2001–2002,5,5
"Kirkland, Anthony",1987–2009,5,6
"Klimek, Tillie",1914–1921,5,7
"Knapp, Alfred",1894–1902,5,5+
"Knighton, Robert Wesley",1973–1990,5,5
"Mansfield, Billy",1975–1980,5,5+
"Mason, David",1980–1982,5,6
"Maust, David Edward",1974–2003,5,5
"McCray, Jeremiah",1956–1958,5,5
"McKnight, Anthony",1985,5,5
"Meach, Charles L.",1973–1982,5,5
"Metheny, Joe",1976–1996,5,10
"Mikhel, Iouri",2001–2002,5,5
"Miller, Donald",1977–1981,5,5
"Miller, Joseph Daniel",1986–1990,5,5+
"Morris, Cory",2002–2003,5,5+
"Muehlberg, Gary",1990–1993,5,6+
"Nemechek, Francis",1974–1976,5,5
"Norris, Roy",1979,5,5
"Panzram, Carl",1920–1929,5,22
"Patton, Carl",1973–1977,5,5
"Penton, David Elliott",1984–1988,5,9+
"Powers, Harry",1931,5,5+
"Pruett, Marion Albert",1981,5,5
"Red Dog, James Allen",1973–1991,5,5
"Rees, Melvin",1957–1959,5,9+
"Rembert, Robert",1997–2015,5,5+
"Rissell, Montie",1976–1977,5,5
"Ritchie, James Dale",2016,5,5+
"Saenz, Kimberly Clark",2008,5,10+
"Shulman, Robert",1991–1996,5,5
"Sims, Ray Dell",1974–1977,5,5+
"Smith, Lemuel",1958–1981,5,6
"Soper, Edward Bates",1880–1897,5,5
"Villarreal, David",1979–1981,5,7
"Wade, Joshua",1994–2007,5,5+
"Walton, Edward",1896–1908,5,5
"Walls, Frank Athen",1985–1987,5,5
"Wardrip, Faryion",1984–1986,5,5
"Wood, Cathy",1987,5,6
"Wood, Frederick Charles",1926–1960,5,5
"Ables, Tony",1970–1990,4,4+
"Allen, Herman",1930–1942,4,4
"Allen, Quincy",2002,4,4
"Alston, Robert Sylvester",1991–1993,4,6
"Anderson, Joshua",2006–2007,4,5
"Angelo, Richard",1987,4,10
"Arguelles, Roberto",1992,4,4+
"Balaam, Anthony",1994–1996,4,4
"Baldi, Joseph",1970–1972,4,4
"Barber, Danny",1977–1979,4,4
"Barone, Cesar",1991–1993,4,4+
"Bell, Cimarron",2003–2004,4,4
"Biehler, Robert",1966–1973,4,4
"Bolin, Oscar Ray",1986–1987,4,4+
"Bolsinger, John Charles",1980–1988,4,4
"Bounds, Dallen",1999,4,4+
"Brandt, Charlie",1971–2004,4,7+
"Brant, Joe",2007–2008,4,4+
"Brudos, Jerry",1968–1969,4,4+
"Burkhart, Timothy",1986–2001,4,4+
"Cable, James Ray",1977–1989,4,6+
"Cannon, Patty",1802–1829,4,25+
"Caputo, Ricardo",1971–1977,4,6
"Carr, Robert Frederick",1972–1976,4,4
"Chandler, Oba",1989–1990,4,4+
"Christensen, William Dean",1982–1983,4,10+
"Christiansen, Thor Nis",1976–1979,4,4
"Clark, Vernon Lee",1980–1989,4,6+
"Clement, Mary",1880–1885,4,4
"Coffman, Cynthia",1986,4,4
"Costa, Tony",1968–1969,4,8
"Craine, Louis",1984–1987,4,5+
"Crump, Thomas Wayne",1980–1982,4,7
"Curry, James Richard",1982–1983,4,5
"Daniels, James Edward",1963–1984,4,4
"Davis, Girvies",1978–1979,4,9+
"Davis, William George",2017–2018,4,7
"Donaldson, Howell",2017,4,4
"Edwards, Andrew David",1987–1992,4,4
"Eichinger, John",1999–2005,4,4
"Ewell, John",2010,4,4
"Fitzsimmons, George",1969–1973,4,4
"Ford, Wayne Adam",1997–1998,4,4+
"Garcia, Anthony",2008–2013,4,4
"Gary, Carlton",1970–1978,4,8+
"Gilbert, Kristen",1989–1996,4,4+
"Goble, Sean Patrick",1994–1995,4,4+
"Gordon, Steven Dean",2013–2014,4,5
"Grant, Gary",1969–1971,4,4
"Grant, Waldo",1973–1976,4,4+
"Gray, Ronald",1986–1987,4,4
"Green, Ricky Lee",1985–1986,4,12
"Grinder, James B.",1976–1984,4,4
"Grissom, Richard",1977–1989,4,4
"Halliday, Lizzie",1890s,4,7
"Hance, William Henry",1977–1978,4,4
"Harris, Michael Darnell",1981–1982,4,10
"Harrison, Kenneth",1967–1969,4,4
"Hickson, Monroe",1946,4,4
"Hilton, Gary",2007–2008,4,4+
"Holman, Richard",1978–1979,4,9+
"Hunter, Richard Louis",1986,4,4
"Ingle, Phillip Lee",1991,4,4
"Jackson, Homer",1983–1993,4,4+
"Johnson, Melvin",1984–1988,4,4+
"Johnson, Michael",2008–2010,4,4+
"Jones, Daniel O.",1998–2001,4,4
"Junco, Francisco del",1995–1996,4,4
"Kelly, Alvin Andrew",1984,4,4
"Kimball, Scott Lee",2003–2004,4,5+
"Knight, Thomas",1974–1980,4,4
"Koedatich, James",1971–1982,4,4
"Ladd, Robert Charles",1978–1996,4,4
"Lagrone, Edward",1976–1991,4,6
"Laudenberg, Adolph",1972–1975,4,6
"Little, Jerry",1985–1988,4,4
"Lockett, Will",1912–1920,4,4
"Lockhart, Michael Lee",1987–1988,4,6+
"Long, Neal",1972–1975,4,7+
"Lyles, Anjette",1952–1958,4,4
"Malveaux, John Peter",1997,4,5
"Martin, Deangelo Kenneth",2018–2019,4,6
"Martin, Lee Roy",1967–1968,4,4
"Masini, Frank",1991–1992,4,4
"Matthews, Eric",1994–1998,4,4
"McFadden, Jerry Walter",1973–1986,4,4
"McGregor, Edward George",1990–2006,4,4
"Meirhofer, David",1967–1974,4,4
"Miller, Donald Gene",1977–1978,4,4
"Morin, Stephen",1969–1981,4,48
"Morse, Hugh",1959–1961,4,4+
"Newman, Allan Patterson",1991–1992,4,4
"Nissensohn, Joseph",1981–1989,4,4+
"Normore, Mario",2017,4,4
"Ortiz, Juan David",2018,4,4
"Pace, Lyndon Fitzgerald",1988–1989,4,5
"Peterson, Christopher",1990,4,7
"Presley, Aeman",2014,4,4
"Price, Craig",1987–1989,4,4
"Price, Larme",2003,4,4
"Ralston, Larry",1975–1977,4,5+
"Ranes, Danny",1972,4,4
"Rardon, Gary",1962–1974,4,4
"Reece, William Lewis",1997,4,4+
"Reeves, Jack",1967–1994,4,4
"Rich, Darrell Keith",1978,4,4
"Richmond, Earl",1991,4,4
"Rivera, Reinaldo",1999–2000,4,4
"Robbins, Malcolm",1979–1980,4,4+
"Roche, John Francis",1953–1954,4,6
"Rogers, Glen Edward",1993–1995,4,5
"Rozier, Robert",1981–1986,4,7
"Segundo, Juan",1986–1995,4,4+
"Seoung, Doeur",1985–1998,4,4
"Shermantine, Wesley",1984–1999,4,19
"Shore, Anthony Allen",1986–1995,4,4+
"Silva, Mauricio",1978–1984,4,4
"Smith, Mark Alan",1969–1970,4,12+
"Smith, William Scott",1981–1984,4,4+
"Spangler, Robert",1978–1993,4,4
"Spencer, Timothy Wilson",1984–1988,4,5
"Stayner, Cary",1999,4,4
"Stevens, Charles",1989,4,4
"Sumner, Jesse",1963–1973,4,4
"Sutton, Nicholas Todd",1979–1985,4,4
"Swango, Michael",1981–1997,4,60
"Swann, James",1993,4,4
"Tavares, Daniel",1988–2007,4,4
"Taylor, Alvin",1985–1987,4,4
"Taylor, Kevin",2001,4,4
"Tersargyan, Alberd",2008–2010,4,4
"Ward, Ronald James",2000,4,4+
"Warren, Lesley Eugene",1987–1990,4,8
"Watson, Alexander Wayne",1986–1994,4,4
"Whisenhant, Thomas",1963–1976,4,4+
"Williams, Kenneth Dewayne",1998–1999,4,4
"Williams, Leslie Allen",1991–1992,4,4
"Williamson, Thomas Andrew",1868–1890,4,4
"Acevedo, Francisco",1989–1996,3,3
"Agrue, John",1966–1982,3,3+
"Albanese, Charles",1980–1981,3,3
"Alix, Franklin DeWayne",1997–1998,3,4+
"Allen, Howard",1974–1987,3,3
"Allridge, Ronald",1976–1985,3,3
"Amati, Tony Ray",1996,3,3
"Andrews, Patrick",1997–2007,3,3
"Archerd, William Dale",1947–1966,3,6
"Atkins, Joseph",1969–1985,3,3
"Avila-Torrez, Jorge",2005–2009,3,3
"Barnes, James Antonio",1988,3,7
"Barr, Charles",1923,3,3
"Barrett, Eugene",1959–1995,3,3
"Baxter, Patrick",1987–1990,3,3
"Beamon, Rocky",2005–2017,3,3
"Beardslee, Donald",1969–1981,3,3
"Beck, Martha",1947–1949,3,20
"Betterton, Monroe",1904–1919,3,3
"Bixler, Rodney Troy",2000,3,4
"Bladel, Rudy",1963–1978,3,7
"Blake, Eugene",1967–1984,3,3
"Boyd, Charles Anthony",1986–1987,3,3
"Bradley, James Opelton",1988–2014,3,3
"Brashers, Robert Eugene",1990–1998,3,3+
"Breslin, Joseph",1968–1982,3,3
"Broadnax, Donald",1977–1996,3,3
"Brockelhurst, Lester",1937,3,3+
"Brown, Curtis Don",1985–1986,3,18
"Buenoano, Judy",1971–1983,3,3+
"Burchart, Leslie",1994–1996,3,7+
"Burkhart, Ernest",1921–1925,3,11+
"Busch, Henry",1960,3,3
"Canaday, John Dwight",1968–1969,3,3
"Carignan, Harvey",1949–1974,3,5+
"Caro, Fernando Eros",1979–1980,3,5+
"Carson, Michael Bear",1981–1983,3,12
"Carson, Suzan",1981–1983,3,12
"Castro, Edward",1986–1987,3,3
"Catlin, Steven David",1976–1984,3,3
"Chadd, Billy Lee",1974–1978,3,4
"Cherry, Ervin",1993–1994,3,3
"Coleman, Phillip",1943,3,23
"Collins, Harvey",1953–1955,3,3
"Corwin, Daniel Lee",1987,3,3
"Covington, Juan",1998–2005,3,3+
"Cox, Frederick Pete",1997,3,3
"Cunningham, Mark William",1983,3,3
"Cutlip, Jeffrey Paul",1975–1993,3,4
"Davis, Bruce Alan",1971–1982,3,33
"Davis, Charles William",1975–1977,3,3+
"Davis, Frank",1971–1983,3,3
"DeJesus, Carmello",1971–1973,3,4
"Devonshire, William",2003–2022,3,3
"Dewantoro, Harnoko",1991–1992,3,3
"Dodd, Westley Allan",1989,3,3
"Dorsey, Leon",1994,3,3
"Dowler, David",1983–1987,3,3
"Duffy, Charles Lee",1997,3,3
"Dugan, Brian",1983–1985,3,3
"Duncan, Vender",1955–1957,3,3
"Dunkle, Jon",1981–1985,3,3
"Edwards, Mack Ray",1953–1970,3,18
"Eisele, Joseph",1867,3,3
"Erskine, Scott",1989–1993,3,3+
"Evans, Donald Leroy",1985–1991,3,70
"Evonitz, Richard",1996–1997,3,3+
"Fernandes, Roberto Wagner",2000–2001,3,4+
"Fernandez, Raymond",1947–1949,3,20
"Figueroa, Danny",1986,3,3
"Fish, Albert",1924–1932,3,8+
"Flowers, Norman",2004–2005,3,4
"Ford, Lester",1991,3,3
"Forte, Linwood",1990,3,4
"Frederick, James Anthony",1991–1992,3,3
"Gardner, Ray Dempsey",1941–1949,3,3
"Garduno, Santiago",1900s–1932,3,4
"Gargiulo, Michael",1993–2008,3,10
"Garrison, Wayne Henry",1972–1989,3,3
"Gay, Randy",1978–2011,3,3
"Gayles, Clifford",1934–1947,3,3
"Getreu, John",1963–1974,3,4+
"Gibson, Keith",2008–2021,3,7
"Gibson, Mose",1908–1920,3,7+
"Gibson, William Clyde",2002–2012,3,3+
"Gifford, Bertha",1900–1928,3,17
"Glatman, Harvey",1957–1958,3,4
"Glaze, Billy",1986–1987,3,20+
"Gleason, Robert Charles",2007–2010,3,3+
"Gray, Dana Sue",1994,3,3
"Gray, Marvin",1971–1992,3,41
"Greenwell, Harry Edward",1987–1989,3,3
"Griffin, Jeffery Lee",1978–1979,3,3
"Guerrero, Jose",1995–1998,3,3
"Hall, Andreas",1847–1848,3,3
"Harris, DeWayne Lee",1997–1998,3,3+
"Harris, Warren",1977,3,4
"Hayes, Robert",2005–2006,3,7+
"Hayter, John Price",1953–1986,3,3
"Hearn, John Wayne",1985,3,3
"Heirens, William",1945–1946,3,3
"Henry, John Ruthell",1975–1985,3,3
"Hernandez, Ramon Torres",1994–2001,3,5+
"Herzog, Loren",1984–1999,3,19
"Hickey, J. Frank",1883–1911,3,3
"Hinton, Ronald",1996–1999,3,3
"Hooker, John Michael",1971–1988,3,3
"Hopkins, John W.",1972–1978,3,3+
"Hughes, Mervin Ray",1986–1999,3,4+
"Hughes, Philip Joseph",1972–1975,3,3+
"Hunter, Bert Leroy",1968–1988,3,3
"Hyatt, Terry",1979–1987,3,3+
"Irvin, Marvin",1979–1990,3,3
"Johansen, William",1933–1940,3,17
"Johnson, Alvin",1972–1983,3,3
"Johnson, Martha Ann",1977–1982,3,4
"Johnson, Matthew Steven",2000–2001,3,5
"Johnson, Raymond Eugene",1995–2007,3,3
"Jones, George Lamar",1972–1997,3,3+
"Jones, Jack Harold",1983–1995,3,3+
"Jones, Willie Ben",1980–1990,3,4
"Joubert, John",1982–1983,3,3
"Kallinger, Joseph",1974–1975,3,3
"Kaczynski, Ted",1978–1995,3,3
"Kee, Arohn",1991–1998,3,3+
"Keith, Leroy",1934–1956,3,3
"Kelley, John William",1986–1988,3,3
"Keyes, Israel",1990s–2012,3,11+
"Kinne, Sharon",1962–1964,3,3
"Koster, Brent",1972,3,3
"Kudzinowski, Peter",1924–1928,3,3
"Lassor, Raymond",1984,3,3
"Liberty, Robert",1966–1970,3,3
"Lipscomb, Nathaniel",1958–1959,3,4
"Lucas, David Allen",1979–1984,3,6
"Lucas, Henry Lee",1960–1983,3,200+
"Lunz, Christopher",2003–2009,3,20
"Lynch, Franklin",1987,3,13
"Madison, Michael",2012–2013,3,3+
"Mailhot, Jeffrey",2003–2004,3,3
"Marcelin, Harvey",1963–2022,3,3
"Marquette, Richard Laurence",1961–1975,3,3
"Martin, James David",1989–2005,3,3
"Maupin, Thomas",1988–2001,3,3
"Maury, Robert",1985–1987,3,3+
"Mayrand, Edward",1983–1994,3,3
"McCoy, Stephen",1980–1981,3,3
"McFadden, Reginald",1969–1994,3,4+
"McGhee, Timothy",1997–2001,3,12
"McKnight, Gregory",1992–2000,3,3
"McWatters, Eugene",2004,3,3
"Melanson, Roy",1974–1988,3,5+
"Mills, Lawrence Paul",2017,3,4
"Morrison, Kelsie",1921–1922,3,3
"Morton, David Bruce",1983–1990,3,3+
"Moseley, Winston",1963–1964,3,3
"Mullins, Michael",1999–2012,3,3
"Nardello, Antonio",1884–1885,3,3
"Nixon, Robert",1937–1938,3,5
"Northcott, Gordon Stewart",1926–1928,3,20
"O'Dell, Diane",1982–1985,3,4
"Page, Ivan",1998–2001,3,3
"Paster, James",1980–1981,3,5
"Peete, Louise",1913–1944,3,3+
"Perkins, Reginald",1980–2000,3,6
"Perry, Donna",1990,3,3+
"Pruitt, Pleasant",1888–1902,3,3
"Ray, Clifton",1987–1994,3,6+
"Reed, Todd Alan",1999,3,5
"Rhoades, Paul Ezra",1987,3,7+
"Rhoades, Robert Ben",1975–1990,3,50+
"Rice, Stanley",1963–1968,3,5+
"Robinson, Harvey Miguel",1992–1993,3,3
"Robinson, John Wesley",1896–1913,3,3
"Rodriguez, Antonio",2010,3,3
"Rodriguez, Robert Neal",1984–1992,3,3
"Roye, Norman",1953–1954,3,3
"Rulloff, Edward H.",1844–1870,3,5
"Rundle, David Allen",1986,3,3
"Russell, George Waterfield",1990,3,3
"Samartaney, Malik",1991–2019,3,6
"Sanchez, Altemio",1990–2006,3,3+
"Santo, Anthony",1908,3,3
"Sapp, William",1992–1993,3,3+
"Schmid, Charles",1964,3,4
"Seda, Heriberto",1990–1993,3,3
"Severance, Charles",2003–2014,3,3
"Sharp, Michael Eugene",1982,3,5+
"Shaw, Sebastian",1991–1992,3,13
"Sifuentes, Jose",1998–2003,3,3
"Simmons, Beoria",1981–1983,3,3
"Singh, Michael",1975–1982,3,3
"Smallwood, Robert",1999–2006,3,3
"Spillman, Jack Owen",1994–1995,3,3
"Spisak, Frank",1982,3,3
"Stephani, Paul Michael",1980–1982,3,3
"Stickles, Martin",1899–1900,3,3
"Stokes, Winford",1969–1978,3,3
"Sumpter, Michael",1969–1973,3,3
"Thompson, William Paul",1983–1984,3,6
"Torrence, Michael",1987,3,3
"Vaultz, Horace Van",1981–1986,3,3+
"Victor, Clarence",1964–1987,3,3
"Warren, Edward Delon",1976–1979,3,3
"Washington, Steven",1963,3,3
"Weldon, Stewart",2017–2018,3,3
"Werner, Karl F.",1969–1971,3,3
"Wheeler-Weaver, Khalil",2016,3,4
"White, Larry Lamont",1983,3,3
"Whiteling, Sarah",1888,3,3
"Whitten, Hattie",1900–1902,3,3
"Wickline, William",1979–1982,3,3+
"Wiley, Nicholas",2004,3,7
"Williams, Dorothy",1987–1989,3,3
"Williams, Laron",1977–1981,3,5+
"Williams, Ronald Turney",1975–1981,3,3
"Williams, Scott",1997–2006,3,3
"Willie, Robert Lee",1978–1980,3,5
"Wimberly, Anthony",1984–1985,3,3
"Wise, Martha",1924–1925,3,3
"Wood, Isaac L.",1855,3,3
"Wooten, Charles",1969–1993,3,3
"Ball, Joe",1936–1938,2,20
"Bird, Jake",1930–1947,2,46
"Bradford, William Richard",1984,2,28+
"Browne, Robert Charles",1970–1995,2,2+
"Brummett, Lyle",1975–1976,2,3
"Buell, Robert Anthony",1981–1983,2,3+
"Chemirmir, Billy",2016–2018,2,24+
"Childers, James",2000s–2009,2,5+
"Gohl, Billy",1902–1910,2,100+
"Green, Samuel",1817–1821,2,2+
"Gribble, Timothy",1985–1987,2,3
"Halbower, Rodney",1976,2,5
"Hatcher, Charles Ray",1969–1982,2,16
"Hermann, Francis",1890–1896,2,8
"Jones, Genene",1977–1982,2,60+
"Lindahl, Bruce",1974–1981,2,12+
"Murphy, Donald",1979–1980,2,6+
"Pennell, Steven Brian",1987–1988,2,5
"Piper, Thomas W.",1873–1875,2,2+
"Respus, Asbury",1900s–1931,2,8+
"Robinson, Alonzo",1926–1934,2,6
"Rogers, Richard Westall",1992–1993,2,7+
"Schaefer, Gerard John",1969–1973,2,34
"Tinning, Marybeth",1972–1985,2,9
"Travis, Maury",2000–2002,2,17+
"Winters, Shirley",1980–2006,2,7
"Zarinsky, Robert",1958–1974,2,10
"Barfield, Velma",1971–1978,1,6
"Carr, Thomas D.",1860s–1869,1,15
"Hayward, Harry T.",1894,1,4
"Hazzard, Linda",1908–1911,1,13
"Schmidt, Helmuth",1913–1917,1,4+
"Hohenberger, Robert",1978,0,5
"LaLaurie, Delphine",1834,?,?